[{"model": "contenttypes.contenttype", "pk": 1, "fields": {"app_label": "admin", "model": "logentry"}}, {"model": "contenttypes.contenttype", "pk": 2, "fields": {"app_label": "auth", "model": "permission"}}, {"model": "contenttypes.contenttype", "pk": 3, "fields": {"app_label": "auth", "model": "group"}}, {"model": "contenttypes.contenttype", "pk": 4, "fields": {"app_label": "auth", "model": "user"}}, {"model": "contenttypes.contenttype", "pk": 5, "fields": {"app_label": "contenttypes", "model": "contenttype"}}, {"model": "contenttypes.contenttype", "pk": 6, "fields": {"app_label": "sessions", "model": "session"}}, {"model": "contenttypes.contenttype", "pk": 7, "fields": {"app_label": "blog", "model": "blog"}}, {"model": "contenttypes.contenttype", "pk": 8, "fields": {"app_label": "blog", "model": "blogtype"}}, {"model": "contenttypes.contenttype", "pk": 9, "fields": {"app_label": "blog", "model": "readnum"}}, {"model": "contenttypes.contenttype", "pk": 10, "fields": {"app_label": "read_statistics", "model": "readnum"}}, {"model": "contenttypes.contenttype", "pk": 11, "fields": {"app_label": "read_statistics", "model": "readdetail"}}, {"model": "contenttypes.contenttype", "pk": 12, "fields": {"app_label": "comment", "model": "comment"}}, {"model": "contenttypes.contenttype", "pk": 13, "fields": {"app_label": "likes", "model": "likecount"}}, {"model": "contenttypes.contenttype", "pk": 14, "fields": {"app_label": "likes", "model": "likerecord"}}, {"model": "contenttypes.contenttype", "pk": 15, "fields": {"app_label": "user", "model": "profile"}}, {"model": "sessions.session", "pk": "6xg85tqn396cbj5nlik3qeoadrzgzwyw", "fields": {"session_data": "MGMwNWFjMGU5MWQzOWQ0MGQwOWFkY2Q2YjQ4MWRiZDBiMzQwZTgxNzp7Il9hdXRoX3VzZXJfaWQiOiIxIiwiX2F1dGhfdXNlcl9iYWNrZW5kIjoiZGphbmdvLmNvbnRyaWIuYXV0aC5iYWNrZW5kcy5Nb2RlbEJhY2tlbmQiLCJfYXV0aF91c2VyX2hhc2giOiI0MTNmMTg0YWExYjJmNWE2OTc3NTgxMDNiNjE0N2MyMTA1MzNlYjExIn0=", "expire_date": "2021-02-28T18:11:35.638"}}, {"model": "sessions.session", "pk": "779j8oejvblzokn0b0y842jlioefeqdm", "fields": {"session_data": "YTlhNTEwMGFhMTBjOGUyN2RkNDFlMTIzZGY4NjBlZDJjOGIzOWRkZjp7Il9hdXRoX3VzZXJfaWQiOiIyIiwiX2F1dGhfdXNlcl9iYWNrZW5kIjoiZGphbmdvLmNvbnRyaWIuYXV0aC5iYWNrZW5kcy5Nb2RlbEJhY2tlbmQiLCJfYXV0aF91c2VyX2hhc2giOiJkODhkYTcxNmY4OTQ0YjA1NmZiNDE5NjQxMjBiMjgyODZhNzM3ZGMzIn0=", "expire_date": "2021-02-14T12:31:08.110"}}, {"model": "sessions.session", "pk": "8c35go403qeukbhbz3k3ww5lgp7neb20", "fields": {"session_data": "ZDA2NThkYjE5M2RkM2FiZDJhMDA5MTk3YTA0MTRmOTY1MDVhZmI3MDp7Il9hdXRoX3VzZXJfaWQiOiIxIiwiX2F1dGhfdXNlcl9iYWNrZW5kIjoiZGphbmdvLmNvbnRyaWIuYXV0aC5iYWNrZW5kcy5Nb2RlbEJhY2tlbmQiLCJfYXV0aF91c2VyX2hhc2giOiI1N2FkM2VhMTZhYjRhYmFmZTNjYWVhMDIwYjZjYjY0ZGZhNTdlMjI5In0=", "expire_date": "2021-02-07T00:32:38.156"}}, {"model": "sessions.session", "pk": "8c717hbgmexhh4ja5wvxl39h4zr8bzw7", "fields": {"session_data": "YTlhNTEwMGFhMTBjOGUyN2RkNDFlMTIzZGY4NjBlZDJjOGIzOWRkZjp7Il9hdXRoX3VzZXJfaWQiOiIyIiwiX2F1dGhfdXNlcl9iYWNrZW5kIjoiZGphbmdvLmNvbnRyaWIuYXV0aC5iYWNrZW5kcy5Nb2RlbEJhY2tlbmQiLCJfYXV0aF91c2VyX2hhc2giOiJkODhkYTcxNmY4OTQ0YjA1NmZiNDE5NjQxMjBiMjgyODZhNzM3ZGMzIn0=", "expire_date": "2021-01-24T11:01:28.251"}}, {"model": "sessions.session", "pk": "9opxy2dikkbvdxtcflntcvakpvckfbgm", "fields": {"session_data": "ZDA2NThkYjE5M2RkM2FiZDJhMDA5MTk3YTA0MTRmOTY1MDVhZmI3MDp7Il9hdXRoX3VzZXJfaWQiOiIxIiwiX2F1dGhfdXNlcl9iYWNrZW5kIjoiZGphbmdvLmNvbnRyaWIuYXV0aC5iYWNrZW5kcy5Nb2RlbEJhY2tlbmQiLCJfYXV0aF91c2VyX2hhc2giOiI1N2FkM2VhMTZhYjRhYmFmZTNjYWVhMDIwYjZjYjY0ZGZhNTdlMjI5In0=", "expire_date": "2021-02-13T21:30:09.836"}}, {"model": "sessions.session", "pk": "cbyippjod6pyrgmjbrvjewecik962wd5", "fields": {"session_data": "ZDA2NThkYjE5M2RkM2FiZDJhMDA5MTk3YTA0MTRmOTY1MDVhZmI3MDp7Il9hdXRoX3VzZXJfaWQiOiIxIiwiX2F1dGhfdXNlcl9iYWNrZW5kIjoiZGphbmdvLmNvbnRyaWIuYXV0aC5iYWNrZW5kcy5Nb2RlbEJhY2tlbmQiLCJfYXV0aF91c2VyX2hhc2giOiI1N2FkM2VhMTZhYjRhYmFmZTNjYWVhMDIwYjZjYjY0ZGZhNTdlMjI5In0=", "expire_date": "2021-01-02T12:15:15.223"}}, {"model": "sessions.session", "pk": "cuef1iv7ubiiz41w77tkc67gibev9llb", "fields": {"session_data": "ZDA2NThkYjE5M2RkM2FiZDJhMDA5MTk3YTA0MTRmOTY1MDVhZmI3MDp7Il9hdXRoX3VzZXJfaWQiOiIxIiwiX2F1dGhfdXNlcl9iYWNrZW5kIjoiZGphbmdvLmNvbnRyaWIuYXV0aC5iYWNrZW5kcy5Nb2RlbEJhY2tlbmQiLCJfYXV0aF91c2VyX2hhc2giOiI1N2FkM2VhMTZhYjRhYmFmZTNjYWVhMDIwYjZjYjY0ZGZhNTdlMjI5In0=", "expire_date": "2021-02-14T10:42:31.456"}}, {"model": "sessions.session", "pk": "elo9i03q8254iq4qvfnwqyyr1pwmfwj0", "fields": {"session_data": "ZDA2NThkYjE5M2RkM2FiZDJhMDA5MTk3YTA0MTRmOTY1MDVhZmI3MDp7Il9hdXRoX3VzZXJfaWQiOiIxIiwiX2F1dGhfdXNlcl9iYWNrZW5kIjoiZGphbmdvLmNvbnRyaWIuYXV0aC5iYWNrZW5kcy5Nb2RlbEJhY2tlbmQiLCJfYXV0aF91c2VyX2hhc2giOiI1N2FkM2VhMTZhYjRhYmFmZTNjYWVhMDIwYjZjYjY0ZGZhNTdlMjI5In0=", "expire_date": "2021-02-21T09:54:00.292"}}, {"model": "sessions.session", "pk": "g1j8xm07h6uqe7bjnoo2yg2gild7whxq", "fields": {"session_data": "ZDA2NThkYjE5M2RkM2FiZDJhMDA5MTk3YTA0MTRmOTY1MDVhZmI3MDp7Il9hdXRoX3VzZXJfaWQiOiIxIiwiX2F1dGhfdXNlcl9iYWNrZW5kIjoiZGphbmdvLmNvbnRyaWIuYXV0aC5iYWNrZW5kcy5Nb2RlbEJhY2tlbmQiLCJfYXV0aF91c2VyX2hhc2giOiI1N2FkM2VhMTZhYjRhYmFmZTNjYWVhMDIwYjZjYjY0ZGZhNTdlMjI5In0=", "expire_date": "2020-12-10T15:26:08.037"}}, {"model": "sessions.session", "pk": "j9bh12x1u2qgwqwqxooukfm1wozd5jlm", "fields": {"session_data": "ZDA2NThkYjE5M2RkM2FiZDJhMDA5MTk3YTA0MTRmOTY1MDVhZmI3MDp7Il9hdXRoX3VzZXJfaWQiOiIxIiwiX2F1dGhfdXNlcl9iYWNrZW5kIjoiZGphbmdvLmNvbnRyaWIuYXV0aC5iYWNrZW5kcy5Nb2RlbEJhY2tlbmQiLCJfYXV0aF91c2VyX2hhc2giOiI1N2FkM2VhMTZhYjRhYmFmZTNjYWVhMDIwYjZjYjY0ZGZhNTdlMjI5In0=", "expire_date": "2021-01-17T12:37:16.763"}}, {"model": "sessions.session", "pk": "mdzi7cm0s5cowz5ea7lpby7ise5pbnx1", "fields": {"session_data": "ZDA2NThkYjE5M2RkM2FiZDJhMDA5MTk3YTA0MTRmOTY1MDVhZmI3MDp7Il9hdXRoX3VzZXJfaWQiOiIxIiwiX2F1dGhfdXNlcl9iYWNrZW5kIjoiZGphbmdvLmNvbnRyaWIuYXV0aC5iYWNrZW5kcy5Nb2RlbEJhY2tlbmQiLCJfYXV0aF91c2VyX2hhc2giOiI1N2FkM2VhMTZhYjRhYmFmZTNjYWVhMDIwYjZjYjY0ZGZhNTdlMjI5In0=", "expire_date": "2020-12-10T16:06:57.979"}}, {"model": "sessions.session", "pk": "qg65u1883hta2uj4yj3dvnn3skgqv5d5", "fields": {"session_data": "ZDA2NThkYjE5M2RkM2FiZDJhMDA5MTk3YTA0MTRmOTY1MDVhZmI3MDp7Il9hdXRoX3VzZXJfaWQiOiIxIiwiX2F1dGhfdXNlcl9iYWNrZW5kIjoiZGphbmdvLmNvbnRyaWIuYXV0aC5iYWNrZW5kcy5Nb2RlbEJhY2tlbmQiLCJfYXV0aF91c2VyX2hhc2giOiI1N2FkM2VhMTZhYjRhYmFmZTNjYWVhMDIwYjZjYjY0ZGZhNTdlMjI5In0=", "expire_date": "2020-12-26T07:14:04.371"}}, {"model": "sessions.session", "pk": "r5xiqdq21rb4dfcmsafsyycdnx6atv1t", "fields": {"session_data": "MWVhMWQwMTk4NjI5NDcxZDI1ZWJkYzNiNWU2NzI4YTA5NjI1MTBlMTp7InJlZ2lzdGVyX2NvZGUiOiJTRnExIiwic2VuZF9jb2RlX3RpbWUiOjE2MTMyMzMzMDJ9", "expire_date": "2021-02-28T00:21:43.988"}}, {"model": "sessions.session", "pk": "tpa1v6l2hkrc1boee1morfnt7iuzhq2y", "fields": {"session_data": "ZDA2NThkYjE5M2RkM2FiZDJhMDA5MTk3YTA0MTRmOTY1MDVhZmI3MDp7Il9hdXRoX3VzZXJfaWQiOiIxIiwiX2F1dGhfdXNlcl9iYWNrZW5kIjoiZGphbmdvLmNvbnRyaWIuYXV0aC5iYWNrZW5kcy5Nb2RlbEJhY2tlbmQiLCJfYXV0aF91c2VyX2hhc2giOiI1N2FkM2VhMTZhYjRhYmFmZTNjYWVhMDIwYjZjYjY0ZGZhNTdlMjI5In0=", "expire_date": "2021-01-31T01:45:45.485"}}, {"model": "sessions.session", "pk": "x5tmkiog42s10jfzifzg4dqd6hnkv0nz", "fields": {"session_data": "ZDA2NThkYjE5M2RkM2FiZDJhMDA5MTk3YTA0MTRmOTY1MDVhZmI3MDp7Il9hdXRoX3VzZXJfaWQiOiIxIiwiX2F1dGhfdXNlcl9iYWNrZW5kIjoiZGphbmdvLmNvbnRyaWIuYXV0aC5iYWNrZW5kcy5Nb2RlbEJhY2tlbmQiLCJfYXV0aF91c2VyX2hhc2giOiI1N2FkM2VhMTZhYjRhYmFmZTNjYWVhMDIwYjZjYjY0ZGZhNTdlMjI5In0=", "expire_date": "2021-01-24T10:40:24.298"}}, {"model": "sessions.session", "pk": "x9roveun2xf4u2n7ys7df13hrmrp3lil", "fields": {"session_data": "MGMwNWFjMGU5MWQzOWQ0MGQwOWFkY2Q2YjQ4MWRiZDBiMzQwZTgxNzp7Il9hdXRoX3VzZXJfaWQiOiIxIiwiX2F1dGhfdXNlcl9iYWNrZW5kIjoiZGphbmdvLmNvbnRyaWIuYXV0aC5iYWNrZW5kcy5Nb2RlbEJhY2tlbmQiLCJfYXV0aF91c2VyX2hhc2giOiI0MTNmMTg0YWExYjJmNWE2OTc3NTgxMDNiNjE0N2MyMTA1MzNlYjExIn0=", "expire_date": "2021-02-28T18:10:35.122"}}, {"model": "blog.blogtype", "pk": 1, "fields": {"type_name": "Django"}}, {"model": "blog.blogtype", "pk": 2, "fields": {"type_name": "\u968f\u7b14"}}, {"model": "blog.blogtype", "pk": 3, "fields": {"type_name": "\u611f\u609f"}}, {"model": "read_statistics.readnum", "pk": 1, "fields": {"read_num": 36, "content_type": 7, "object_id": 36}}, {"model": "read_statistics.readnum", "pk": 2, "fields": {"read_num": 12, "content_type": 7, "object_id": 34}}, {"model": "read_statistics.readnum", "pk": 3, "fields": {"read_num": 5, "content_type": 7, "object_id": 33}}, {"model": "read_statistics.readnum", "pk": 4, "fields": {"read_num": 2, "content_type": 7, "object_id": 31}}, {"model": "read_statistics.readnum", "pk": 5, "fields": {"read_num": 2, "content_type": 7, "object_id": 32}}, {"model": "read_statistics.readnum", "pk": 6, "fields": {"read_num": 1, "content_type": 7, "object_id": 30}}, {"model": "read_statistics.readnum", "pk": 7, "fields": {"read_num": 1, "content_type": 7, "object_id": 29}}, {"model": "read_statistics.readnum", "pk": 8, "fields": {"read_num": 1, "content_type": 7, "object_id": 26}}, {"model": "read_statistics.readnum", "pk": 9, "fields": {"read_num": 13, "content_type": 7, "object_id": 3}}, {"model": "read_statistics.readnum", "pk": 10, "fields": {"read_num": 1, "content_type": 7, "object_id": 16}}, {"model": "read_statistics.readnum", "pk": 11, "fields": {"read_num": 8, "content_type": 7, "object_id": 35}}, {"model": "read_statistics.readnum", "pk": 12, "fields": {"read_num": 1, "content_type": 7, "object_id": 19}}, {"model": "read_statistics.readnum", "pk": 13, "fields": {"read_num": 10, "content_type": 7, "object_id": 4}}, {"model": "read_statistics.readnum", "pk": 14, "fields": {"read_num": 1, "content_type": 7, "object_id": 23}}, {"model": "read_statistics.readnum", "pk": 15, "fields": {"read_num": 1, "content_type": 7, "object_id": 27}}, {"model": "read_statistics.readnum", "pk": 16, "fields": {"read_num": 1, "content_type": 7, "object_id": 20}}, {"model": "read_statistics.readnum", "pk": 17, "fields": {"read_num": 15, "content_type": 7, "object_id": 7}}, {"model": "read_statistics.readnum", "pk": 18, "fields": {"read_num": 4, "content_type": 7, "object_id": 6}}, {"model": "read_statistics.readnum", "pk": 19, "fields": {"read_num": 1, "content_type": 7, "object_id": 5}}, {"model": "read_statistics.readdetail", "pk": 2, "fields": {"date": "2020-12-22", "read_num": 1, "content_type": 7, "object_id": 35}}, {"model": "read_statistics.readdetail", "pk": 3, "fields": {"date": "2020-12-22", "read_num": 1, "content_type": 7, "object_id": 34}}, {"model": "read_statistics.readdetail", "pk": 4, "fields": {"date": "2020-12-22", "read_num": 2, "content_type": 7, "object_id": 3}}, {"model": "read_statistics.readdetail", "pk": 5, "fields": {"date": "2020-12-25", "read_num": 2, "content_type": 7, "object_id": 36}}, {"model": "read_statistics.readdetail", "pk": 6, "fields": {"date": "2020-12-25", "read_num": 1, "content_type": 7, "object_id": 27}}, {"model": "read_statistics.readdetail", "pk": 7, "fields": {"date": "2020-12-25", "read_num": 1, "content_type": 7, "object_id": 20}}, {"model": "read_statistics.readdetail", "pk": 8, "fields": {"date": "2020-12-25", "read_num": 1, "content_type": 7, "object_id": 7}}, {"model": "read_statistics.readdetail", "pk": 9, "fields": {"date": "2020-12-26", "read_num": 1, "content_type": 7, "object_id": 6}}, {"model": "read_statistics.readdetail", "pk": 10, "fields": {"date": "2020-12-26", "read_num": 1, "content_type": 7, "object_id": 35}}, {"model": "read_statistics.readdetail", "pk": 11, "fields": {"date": "2020-12-26", "read_num": 1, "content_type": 7, "object_id": 36}}, {"model": "read_statistics.readdetail", "pk": 12, "fields": {"date": "2020-12-27", "read_num": 1, "content_type": 7, "object_id": 6}}, {"model": "read_statistics.readdetail", "pk": 13, "fields": {"date": "2020-12-27", "read_num": 1, "content_type": 7, "object_id": 36}}, {"model": "read_statistics.readdetail", "pk": 14, "fields": {"date": "2021-01-03", "read_num": 2, "content_type": 7, "object_id": 6}}, {"model": "read_statistics.readdetail", "pk": 15, "fields": {"date": "2021-01-03", "read_num": 10, "content_type": 7, "object_id": 7}}, {"model": "read_statistics.readdetail", "pk": 16, "fields": {"date": "2021-01-03", "read_num": 1, "content_type": 7, "object_id": 31}}, {"model": "read_statistics.readdetail", "pk": 17, "fields": {"date": "2021-01-03", "read_num": 1, "content_type": 7, "object_id": 5}}, {"model": "read_statistics.readdetail", "pk": 18, "fields": {"date": "2021-01-03", "read_num": 8, "content_type": 7, "object_id": 4}}, {"model": "read_statistics.readdetail", "pk": 19, "fields": {"date": "2021-01-03", "read_num": 1, "content_type": 7, "object_id": 34}}, {"model": "read_statistics.readdetail", "pk": 20, "fields": {"date": "2021-01-03", "read_num": 1, "content_type": 7, "object_id": 33}}, {"model": "read_statistics.readdetail", "pk": 21, "fields": {"date": "2021-01-03", "read_num": 4, "content_type": 7, "object_id": 36}}, {"model": "read_statistics.readdetail", "pk": 22, "fields": {"date": "2021-01-03", "read_num": 1, "content_type": 7, "object_id": 3}}, {"model": "read_statistics.readdetail", "pk": 23, "fields": {"date": "2021-01-03", "read_num": 1, "content_type": 7, "object_id": 35}}, {"model": "read_statistics.readdetail", "pk": 24, "fields": {"date": "2021-01-09", "read_num": 1, "content_type": 7, "object_id": 4}}, {"model": "read_statistics.readdetail", "pk": 25, "fields": {"date": "2021-01-09", "read_num": 1, "content_type": 7, "object_id": 3}}, {"model": "read_statistics.readdetail", "pk": 26, "fields": {"date": "2021-01-10", "read_num": 3, "content_type": 7, "object_id": 3}}, {"model": "read_statistics.readdetail", "pk": 27, "fields": {"date": "2021-01-17", "read_num": 1, "content_type": 7, "object_id": 3}}, {"model": "read_statistics.readdetail", "pk": 28, "fields": {"date": "2021-01-17", "read_num": 1, "content_type": 7, "object_id": 35}}, {"model": "read_statistics.readdetail", "pk": 29, "fields": {"date": "2021-01-17", "read_num": 2, "content_type": 7, "object_id": 36}}, {"model": "read_statistics.readdetail", "pk": 30, "fields": {"date": "2021-01-24", "read_num": 4, "content_type": 7, "object_id": 7}}, {"model": "read_statistics.readdetail", "pk": 31, "fields": {"date": "2021-01-24", "read_num": 4, "content_type": 7, "object_id": 36}}, {"model": "read_statistics.readdetail", "pk": 32, "fields": {"date": "2021-01-24", "read_num": 5, "content_type": 7, "object_id": 34}}, {"model": "read_statistics.readdetail", "pk": 33, "fields": {"date": "2021-01-30", "read_num": 2, "content_type": 7, "object_id": 34}}, {"model": "read_statistics.readdetail", "pk": 34, "fields": {"date": "2021-01-31", "read_num": 2, "content_type": 7, "object_id": 34}}, {"model": "read_statistics.readdetail", "pk": 35, "fields": {"date": "2021-01-31", "read_num": 1, "content_type": 7, "object_id": 36}}, {"model": "read_statistics.readdetail", "pk": 36, "fields": {"date": "2021-02-07", "read_num": 1, "content_type": 7, "object_id": 36}}, {"model": "read_statistics.readdetail", "pk": 37, "fields": {"date": "2021-02-14", "read_num": 3, "content_type": 7, "object_id": 36}}, {"model": "read_statistics.readdetail", "pk": 38, "fields": {"date": "2021-02-14", "read_num": 3, "content_type": 7, "object_id": 33}}, {"model": "read_statistics.readdetail", "pk": 39, "fields": {"date": "2021-02-14", "read_num": 1, "content_type": 7, "object_id": 35}}, {"model": "likes.likecount", "pk": 1, "fields": {"content_type": 7, "object_id": 7, "liked_num": 1}}, {"model": "likes.likecount", "pk": 2, "fields": {"content_type": 12, "object_id": 53, "liked_num": 0}}, {"model": "likes.likecount", "pk": 3, "fields": {"content_type": 12, "object_id": 54, "liked_num": 0}}, {"model": "likes.likecount", "pk": 4, "fields": {"content_type": 12, "object_id": 52, "liked_num": 0}}, {"model": "likes.likecount", "pk": 5, "fields": {"content_type": 12, "object_id": 51, "liked_num": 0}}, {"model": "likes.likecount", "pk": 6, "fields": {"content_type": 12, "object_id": 50, "liked_num": 0}}, {"model": "likes.likecount", "pk": 7, "fields": {"content_type": 12, "object_id": 39, "liked_num": 0}}, {"model": "likes.likecount", "pk": 8, "fields": {"content_type": 12, "object_id": 36, "liked_num": 0}}, {"model": "likes.likecount", "pk": 9, "fields": {"content_type": 12, "object_id": 34, "liked_num": 0}}, {"model": "likes.likecount", "pk": 10, "fields": {"content_type": 12, "object_id": 32, "liked_num": 0}}, {"model": "likes.likecount", "pk": 11, "fields": {"content_type": 12, "object_id": 33, "liked_num": 0}}, {"model": "likes.likecount", "pk": 12, "fields": {"content_type": 12, "object_id": 35, "liked_num": 0}}, {"model": "likes.likecount", "pk": 13, "fields": {"content_type": 12, "object_id": 2, "liked_num": 0}}, {"model": "likes.likecount", "pk": 14, "fields": {"content_type": 12, "object_id": 1, "liked_num": 0}}, {"model": "likes.likecount", "pk": 15, "fields": {"content_type": 12, "object_id": 55, "liked_num": 0}}, {"model": "likes.likecount", "pk": 16, "fields": {"content_type": 7, "object_id": 34, "liked_num": 2}}, {"model": "likes.likecount", "pk": 17, "fields": {"content_type": 12, "object_id": 49, "liked_num": 0}}, {"model": "likes.likecount", "pk": 18, "fields": {"content_type": 12, "object_id": 47, "liked_num": 0}}, {"model": "likes.likecount", "pk": 19, "fields": {"content_type": 12, "object_id": 48, "liked_num": 0}}, {"model": "likes.likecount", "pk": 20, "fields": {"content_type": 12, "object_id": 46, "liked_num": 0}}, {"model": "likes.likecount", "pk": 21, "fields": {"content_type": 12, "object_id": 45, "liked_num": 0}}, {"model": "likes.likecount", "pk": 22, "fields": {"content_type": 12, "object_id": 44, "liked_num": 0}}, {"model": "likes.likecount", "pk": 23, "fields": {"content_type": 12, "object_id": 42, "liked_num": 1}}, {"model": "likes.likecount", "pk": 24, "fields": {"content_type": 12, "object_id": 43, "liked_num": 0}}, {"model": "likes.likecount", "pk": 25, "fields": {"content_type": 12, "object_id": 40, "liked_num": 0}}, {"model": "likes.likecount", "pk": 26, "fields": {"content_type": 12, "object_id": 41, "liked_num": 0}}, {"model": "likes.likecount", "pk": 27, "fields": {"content_type": 12, "object_id": 37, "liked_num": 0}}, {"model": "likes.likecount", "pk": 28, "fields": {"content_type": 12, "object_id": 38, "liked_num": 0}}, {"model": "likes.likecount", "pk": 29, "fields": {"content_type": 12, "object_id": 57, "liked_num": 0}}, {"model": "likes.likecount", "pk": 30, "fields": {"content_type": 12, "object_id": 56, "liked_num": 0}}, {"model": "likes.likecount", "pk": 31, "fields": {"content_type": 12, "object_id": 58, "liked_num": 0}}, {"model": "likes.likecount", "pk": 32, "fields": {"content_type": 12, "object_id": 59, "liked_num": 0}}, {"model": "likes.likecount", "pk": 33, "fields": {"content_type": 12, "object_id": 60, "liked_num": 0}}, {"model": "likes.likecount", "pk": 34, "fields": {"content_type": 12, "object_id": 61, "liked_num": 0}}, {"model": "likes.likecount", "pk": 35, "fields": {"content_type": 12, "object_id": 62, "liked_num": 1}}, {"model": "likes.likecount", "pk": 36, "fields": {"content_type": 7, "object_id": 36, "liked_num": 1}}, {"model": "likes.likecount", "pk": 37, "fields": {"content_type": 12, "object_id": 21, "liked_num": 0}}, {"model": "likes.likecount", "pk": 38, "fields": {"content_type": 12, "object_id": 20, "liked_num": 0}}, {"model": "likes.likecount", "pk": 39, "fields": {"content_type": 12, "object_id": 26, "liked_num": 0}}, {"model": "likes.likecount", "pk": 40, "fields": {"content_type": 12, "object_id": 28, "liked_num": 0}}, {"model": "likes.likecount", "pk": 41, "fields": {"content_type": 12, "object_id": 31, "liked_num": 0}}, {"model": "likes.likecount", "pk": 42, "fields": {"content_type": 12, "object_id": 19, "liked_num": 0}}, {"model": "likes.likecount", "pk": 43, "fields": {"content_type": 12, "object_id": 22, "liked_num": 0}}, {"model": "likes.likecount", "pk": 44, "fields": {"content_type": 12, "object_id": 23, "liked_num": 0}}, {"model": "likes.likecount", "pk": 45, "fields": {"content_type": 12, "object_id": 25, "liked_num": 0}}, {"model": "likes.likecount", "pk": 46, "fields": {"content_type": 12, "object_id": 27, "liked_num": 0}}, {"model": "likes.likecount", "pk": 47, "fields": {"content_type": 12, "object_id": 30, "liked_num": 0}}, {"model": "likes.likecount", "pk": 48, "fields": {"content_type": 12, "object_id": 5, "liked_num": 0}}, {"model": "likes.likecount", "pk": 49, "fields": {"content_type": 12, "object_id": 24, "liked_num": 0}}, {"model": "likes.likecount", "pk": 50, "fields": {"content_type": 12, "object_id": 29, "liked_num": 0}}, {"model": "likes.likecount", "pk": 51, "fields": {"content_type": 12, "object_id": 63, "liked_num": 0}}, {"model": "likes.likecount", "pk": 52, "fields": {"content_type": 12, "object_id": 64, "liked_num": 0}}, {"model": "likes.likecount", "pk": 53, "fields": {"content_type": 12, "object_id": 65, "liked_num": 0}}, {"model": "likes.likecount", "pk": 54, "fields": {"content_type": 12, "object_id": 66, "liked_num": 1}}, {"model": "likes.likecount", "pk": 55, "fields": {"content_type": 12, "object_id": 67, "liked_num": 0}}, {"model": "likes.likecount", "pk": 56, "fields": {"content_type": 12, "object_id": 68, "liked_num": 1}}, {"model": "likes.likecount", "pk": 57, "fields": {"content_type": 12, "object_id": 69, "liked_num": 0}}, {"model": "likes.likecount", "pk": 58, "fields": {"content_type": 12, "object_id": 70, "liked_num": 0}}, {"model": "likes.likecount", "pk": 59, "fields": {"content_type": 12, "object_id": 71, "liked_num": 0}}, {"model": "likes.likecount", "pk": 60, "fields": {"content_type": 7, "object_id": 33, "liked_num": 0}}, {"model": "likes.likecount", "pk": 61, "fields": {"content_type": 12, "object_id": 72, "liked_num": 0}}, {"model": "likes.likecount", "pk": 62, "fields": {"content_type": 12, "object_id": 73, "liked_num": 0}}, {"model": "likes.likecount", "pk": 63, "fields": {"content_type": 12, "object_id": 74, "liked_num": 0}}, {"model": "likes.likecount", "pk": 64, "fields": {"content_type": 12, "object_id": 75, "liked_num": 0}}, {"model": "likes.likecount", "pk": 65, "fields": {"content_type": 7, "object_id": 35, "liked_num": 0}}, {"model": "auth.permission", "pk": 1, "fields": {"name": "Can add log entry", "content_type": 1, "codename": "add_logentry"}}, {"model": "auth.permission", "pk": 2, "fields": {"name": "Can change log entry", "content_type": 1, "codename": "change_logentry"}}, {"model": "auth.permission", "pk": 3, "fields": {"name": "Can delete log entry", "content_type": 1, "codename": "delete_logentry"}}, {"model": "auth.permission", "pk": 4, "fields": {"name": "Can view log entry", "content_type": 1, "codename": "view_logentry"}}, {"model": "auth.permission", "pk": 5, "fields": {"name": "Can add permission", "content_type": 2, "codename": "add_permission"}}, {"model": "auth.permission", "pk": 6, "fields": {"name": "Can change permission", "content_type": 2, "codename": "change_permission"}}, {"model": "auth.permission", "pk": 7, "fields": {"name": "Can delete permission", "content_type": 2, "codename": "delete_permission"}}, {"model": "auth.permission", "pk": 8, "fields": {"name": "Can view permission", "content_type": 2, "codename": "view_permission"}}, {"model": "auth.permission", "pk": 9, "fields": {"name": "Can add group", "content_type": 3, "codename": "add_group"}}, {"model": "auth.permission", "pk": 10, "fields": {"name": "Can change group", "content_type": 3, "codename": "change_group"}}, {"model": "auth.permission", "pk": 11, "fields": {"name": "Can delete group", "content_type": 3, "codename": "delete_group"}}, {"model": "auth.permission", "pk": 12, "fields": {"name": "Can view group", "content_type": 3, "codename": "view_group"}}, {"model": "auth.permission", "pk": 13, "fields": {"name": "Can add user", "content_type": 4, "codename": "add_user"}}, {"model": "auth.permission", "pk": 14, "fields": {"name": "Can change user", "content_type": 4, "codename": "change_user"}}, {"model": "auth.permission", "pk": 15, "fields": {"name": "Can delete user", "content_type": 4, "codename": "delete_user"}}, {"model": "auth.permission", "pk": 16, "fields": {"name": "Can view user", "content_type": 4, "codename": "view_user"}}, {"model": "auth.permission", "pk": 17, "fields": {"name": "Can add content type", "content_type": 5, "codename": "add_contenttype"}}, {"model": "auth.permission", "pk": 18, "fields": {"name": "Can change content type", "content_type": 5, "codename": "change_contenttype"}}, {"model": "auth.permission", "pk": 19, "fields": {"name": "Can delete content type", "content_type": 5, "codename": "delete_contenttype"}}, {"model": "auth.permission", "pk": 20, "fields": {"name": "Can view content type", "content_type": 5, "codename": "view_contenttype"}}, {"model": "auth.permission", "pk": 21, "fields": {"name": "Can add session", "content_type": 6, "codename": "add_session"}}, {"model": "auth.permission", "pk": 22, "fields": {"name": "Can change session", "content_type": 6, "codename": "change_session"}}, {"model": "auth.permission", "pk": 23, "fields": {"name": "Can delete session", "content_type": 6, "codename": "delete_session"}}, {"model": "auth.permission", "pk": 24, "fields": {"name": "Can view session", "content_type": 6, "codename": "view_session"}}, {"model": "auth.permission", "pk": 25, "fields": {"name": "Can add blog", "content_type": 7, "codename": "add_blog"}}, {"model": "auth.permission", "pk": 26, "fields": {"name": "Can change blog", "content_type": 7, "codename": "change_blog"}}, {"model": "auth.permission", "pk": 27, "fields": {"name": "Can delete blog", "content_type": 7, "codename": "delete_blog"}}, {"model": "auth.permission", "pk": 28, "fields": {"name": "Can view blog", "content_type": 7, "codename": "view_blog"}}, {"model": "auth.permission", "pk": 29, "fields": {"name": "Can add blog type", "content_type": 8, "codename": "add_blogtype"}}, {"model": "auth.permission", "pk": 30, "fields": {"name": "Can change blog type", "content_type": 8, "codename": "change_blogtype"}}, {"model": "auth.permission", "pk": 31, "fields": {"name": "Can delete blog type", "content_type": 8, "codename": "delete_blogtype"}}, {"model": "auth.permission", "pk": 32, "fields": {"name": "Can view blog type", "content_type": 8, "codename": "view_blogtype"}}, {"model": "auth.permission", "pk": 33, "fields": {"name": "Can add read num", "content_type": 9, "codename": "add_readnum"}}, {"model": "auth.permission", "pk": 34, "fields": {"name": "Can change read num", "content_type": 9, "codename": "change_readnum"}}, {"model": "auth.permission", "pk": 35, "fields": {"name": "Can delete read num", "content_type": 9, "codename": "delete_readnum"}}, {"model": "auth.permission", "pk": 36, "fields": {"name": "Can view read num", "content_type": 9, "codename": "view_readnum"}}, {"model": "auth.permission", "pk": 37, "fields": {"name": "Can add read num", "content_type": 10, "codename": "add_readnum"}}, {"model": "auth.permission", "pk": 38, "fields": {"name": "Can change read num", "content_type": 10, "codename": "change_readnum"}}, {"model": "auth.permission", "pk": 39, "fields": {"name": "Can delete read num", "content_type": 10, "codename": "delete_readnum"}}, {"model": "auth.permission", "pk": 40, "fields": {"name": "Can view read num", "content_type": 10, "codename": "view_readnum"}}, {"model": "auth.permission", "pk": 41, "fields": {"name": "Can add read detail", "content_type": 11, "codename": "add_readdetail"}}, {"model": "auth.permission", "pk": 42, "fields": {"name": "Can change read detail", "content_type": 11, "codename": "change_readdetail"}}, {"model": "auth.permission", "pk": 43, "fields": {"name": "Can delete read detail", "content_type": 11, "codename": "delete_readdetail"}}, {"model": "auth.permission", "pk": 44, "fields": {"name": "Can view read detail", "content_type": 11, "codename": "view_readdetail"}}, {"model": "auth.permission", "pk": 45, "fields": {"name": "Can add comment", "content_type": 12, "codename": "add_comment"}}, {"model": "auth.permission", "pk": 46, "fields": {"name": "Can change comment", "content_type": 12, "codename": "change_comment"}}, {"model": "auth.permission", "pk": 47, "fields": {"name": "Can delete comment", "content_type": 12, "codename": "delete_comment"}}, {"model": "auth.permission", "pk": 48, "fields": {"name": "Can view comment", "content_type": 12, "codename": "view_comment"}}, {"model": "auth.permission", "pk": 49, "fields": {"name": "Can add like count", "content_type": 13, "codename": "add_likecount"}}, {"model": "auth.permission", "pk": 50, "fields": {"name": "Can change like count", "content_type": 13, "codename": "change_likecount"}}, {"model": "auth.permission", "pk": 51, "fields": {"name": "Can delete like count", "content_type": 13, "codename": "delete_likecount"}}, {"model": "auth.permission", "pk": 52, "fields": {"name": "Can view like count", "content_type": 13, "codename": "view_likecount"}}, {"model": "auth.permission", "pk": 53, "fields": {"name": "Can add like record", "content_type": 14, "codename": "add_likerecord"}}, {"model": "auth.permission", "pk": 54, "fields": {"name": "Can change like record", "content_type": 14, "codename": "change_likerecord"}}, {"model": "auth.permission", "pk": 55, "fields": {"name": "Can delete like record", "content_type": 14, "codename": "delete_likerecord"}}, {"model": "auth.permission", "pk": 56, "fields": {"name": "Can view like record", "content_type": 14, "codename": "view_likerecord"}}, {"model": "auth.permission", "pk": 57, "fields": {"name": "Can add profile", "content_type": 15, "codename": "add_profile"}}, {"model": "auth.permission", "pk": 58, "fields": {"name": "Can change profile", "content_type": 15, "codename": "change_profile"}}, {"model": "auth.permission", "pk": 59, "fields": {"name": "Can delete profile", "content_type": 15, "codename": "delete_profile"}}, {"model": "auth.permission", "pk": 60, "fields": {"name": "Can view profile", "content_type": 15, "codename": "view_profile"}}, {"model": "auth.user", "pk": 1, "fields": {"password": "pbkdf2_sha256$150000$adRUiqSl1nCc$ffjJwaC3Y/uUoI6cthf4VdMJpmq5+YPbwet/7wjizmk=", "last_login": "2021-02-14T18:28:53.481", "is_superuser": true, "username": "caq", "first_name": "", "last_name": "", "email": "2878899617@qq.com", "is_staff": true, "is_active": true, "date_joined": "2020-11-26T15:13:00", "groups": [], "user_permissions": []}}, {"model": "auth.user", "pk": 2, "fields": {"password": "pbkdf2_sha256$150000$LOobDkvAwmtx$BDo70FRiBlD5+F43WOzk8Q1kJ2ISRQWjCGo8ZcZHjv8=", "last_login": "2021-02-14T18:44:44.931", "is_superuser": false, "username": "\u6ed1\u7a3d\u7814\u7a76\u6240", "first_name": "", "last_name": "", "email": "hjyjs888@163.com", "is_staff": false, "is_active": true, "date_joined": "2021-01-03T15:52:00", "groups": [], "user_permissions": []}}, {"model": "blog.blog", "pk": 3, "fields": {"title": "\u957f\u5185\u5bb9\u7684\u535a\u5ba2", "blog_type": 2, "content": "<h2>1. demo_1</h2>\r\n\r\n<p><em>\u6ed1\u7a3d\u7814\u7a76\u6240\u6ed1\u7a3d\u7814\u7a76\u6240\u6ed1\u7a3d</em><strong><em>\u7814</em></strong></p>\r\n\r\n<p><strong>\u7a76\u6240\u6ed1\u7a3d\u7814\u7a76\u6240\u6ed1\u7a3d<span style=\"background-color:#2ecc71\">\u7814\u7a76\u6240\u6ed1\u7a3d</span><strong><span style=\"background-color:#2ecc71\">\u7814\u7a76\u6240\u6ed1\u7a3d\u7814\u7a76\u6240</span>\u6ed1\u7a3d\u7814\u7a76\u6240\u6ed1\u7a3d\u7814\u7a76\u6240\u6ed1\u7a3d\u7814\u7a76</strong></strong></p>\r\n\r\n<p><strong><strong><img alt=\"\" src=\"/media/upload/2020/12/20/wallhaven-9mxpx1.png\" style=\"height:326px; width:580px\" /></strong></strong><br />\r\n&nbsp;</p>\r\n\r\n<p><span style=\"color:#e74c3c\"><strong><em>picture-1</em></strong></span></p>\r\n\r\n<p><img alt=\"\" src=\"/media/upload/2020/12/19/f1484f7653183e8c870f10d319109e3.png\" style=\"height:350px\" /></p>\r\n\r\n<p><span style=\"color:#f39c12\">picture-2</span></p>\r\n\r\n<p><span style=\"color:#f39c12\"><img alt=\"\" src=\"/media/upload/2020/12/19/e598040e669c340b1a1161dd140fcbf.png\" style=\"height:355px\" /></span></p>", "author": 1, "created_time": "2020-11-26T16:12:33.421", "last_updated_time": "2020-12-20T04:32:17.278"}}, {"model": "blog.blog", "pk": 4, "fields": {"title": "\u7b2c\u4e8c\u7bc7\u535a\u5ba2", "blog_type": 2, "content": "\u554a\u5b9e\u6253\u5b9e\u53d1\u751f", "author": 1, "created_time": "2020-11-26T16:35:06.930", "last_updated_time": "2020-11-26T16:35:06.930"}}, {"model": "blog.blog", "pk": 5, "fields": {"title": "django", "blog_type": 1, "content": "test", "author": 1, "created_time": "2020-11-26T16:35:50.563", "last_updated_time": "2020-11-26T16:35:50.563"}}, {"model": "blog.blog", "pk": 6, "fields": {"title": "\u5149\u602a\u9646\u79bb", "blog_type": 3, "content": "\u5927\u534a\u591c\u7684\u611f\u609f", "author": 1, "created_time": "2020-12-05T15:31:49.054", "last_updated_time": "2020-12-05T15:31:49.054"}}, {"model": "blog.blog", "pk": 7, "fields": {"title": "shell\u6a21\u5f0f\u4e0b\u7b2c\u4e00\u7bc7", "blog_type": 1, "content": "xxxyyy", "author": 1, "created_time": "2020-12-08T07:31:10.174", "last_updated_time": "2020-12-08T07:31:10.174"}}, {"model": "blog.blog", "pk": 8, "fields": {"title": "for 0", "blog_type": 1, "content": "xxxxx:0", "author": 1, "created_time": "2020-12-08T07:37:14.113", "last_updated_time": "2020-12-08T07:37:14.113"}}, {"model": "blog.blog", "pk": 9, "fields": {"title": "for 1", "blog_type": 1, "content": "xxxxx:1", "author": 1, "created_time": "2020-12-08T07:37:14.636", "last_updated_time": "2020-12-08T07:37:14.636"}}, {"model": "blog.blog", "pk": 10, "fields": {"title": "for 2", "blog_type": 1, "content": "xxxxx:2", "author": 1, "created_time": "2020-12-08T07:37:14.710", "last_updated_time": "2020-12-08T07:37:14.710"}}, {"model": "blog.blog", "pk": 11, "fields": {"title": "for 3", "blog_type": 1, "content": "xxxxx:3", "author": 1, "created_time": "2020-12-08T07:37:14.806", "last_updated_time": "2020-12-08T07:37:14.806"}}, {"model": "blog.blog", "pk": 12, "fields": {"title": "for 4", "blog_type": 1, "content": "xxxxx:4", "author": 1, "created_time": "2020-12-08T07:37:14.891", "last_updated_time": "2020-12-08T07:37:14.891"}}, {"model": "blog.blog", "pk": 13, "fields": {"title": "for 5", "blog_type": 1, "content": "xxxxx:5", "author": 1, "created_time": "2020-12-08T07:37:14.976", "last_updated_time": "2020-12-08T07:37:14.976"}}, {"model": "blog.blog", "pk": 14, "fields": {"title": "for 6", "blog_type": 1, "content": "xxxxx:6", "author": 1, "created_time": "2020-12-08T07:37:15.071", "last_updated_time": "2020-12-08T07:37:15.071"}}, {"model": "blog.blog", "pk": 15, "fields": {"title": "for 7", "blog_type": 1, "content": "xxxxx:7", "author": 1, "created_time": "2020-12-08T07:37:15.152", "last_updated_time": "2020-12-08T07:37:15.152"}}, {"model": "blog.blog", "pk": 16, "fields": {"title": "for 8", "blog_type": 1, "content": "xxxxx:8", "author": 1, "created_time": "2020-12-08T07:37:15.241", "last_updated_time": "2020-12-08T07:37:15.241"}}, {"model": "blog.blog", "pk": 17, "fields": {"title": "for 9", "blog_type": 1, "content": "xxxxx:9", "author": 1, "created_time": "2020-12-08T07:37:15.315", "last_updated_time": "2020-12-08T07:37:15.315"}}, {"model": "blog.blog", "pk": 18, "fields": {"title": "for 10", "blog_type": 1, "content": "xxxxx:10", "author": 1, "created_time": "2020-12-08T07:37:15.389", "last_updated_time": "2020-12-08T07:37:15.389"}}, {"model": "blog.blog", "pk": 19, "fields": {"title": "for 11", "blog_type": 1, "content": "xxxxx:11", "author": 1, "created_time": "2020-12-08T07:37:15.474", "last_updated_time": "2020-12-08T07:37:15.474"}}, {"model": "blog.blog", "pk": 20, "fields": {"title": "for 12", "blog_type": 1, "content": "xxxxx:12", "author": 1, "created_time": "2020-12-08T07:37:15.570", "last_updated_time": "2020-12-08T07:37:15.570"}}, {"model": "blog.blog", "pk": 21, "fields": {"title": "for 13", "blog_type": 1, "content": "xxxxx:13", "author": 1, "created_time": "2020-12-08T07:37:15.677", "last_updated_time": "2020-12-08T07:37:15.677"}}, {"model": "blog.blog", "pk": 22, "fields": {"title": "for 14", "blog_type": 1, "content": "xxxxx:14", "author": 1, "created_time": "2020-12-08T07:37:15.804", "last_updated_time": "2020-12-08T07:37:15.804"}}, {"model": "blog.blog", "pk": 23, "fields": {"title": "for 15", "blog_type": 1, "content": "xxxxx:15", "author": 1, "created_time": "2020-12-08T07:37:15.889", "last_updated_time": "2020-12-08T07:37:15.889"}}, {"model": "blog.blog", "pk": 24, "fields": {"title": "for 16", "blog_type": 1, "content": "xxxxx:16", "author": 1, "created_time": "2020-12-08T07:37:15.985", "last_updated_time": "2020-12-08T07:37:15.985"}}, {"model": "blog.blog", "pk": 25, "fields": {"title": "for 17", "blog_type": 1, "content": "xxxxx:17", "author": 1, "created_time": "2020-12-08T07:37:16.081", "last_updated_time": "2020-12-08T07:37:16.081"}}, {"model": "blog.blog", "pk": 26, "fields": {"title": "for 18", "blog_type": 1, "content": "xxxxx:18", "author": 1, "created_time": "2020-12-08T07:37:16.155", "last_updated_time": "2020-12-08T07:37:16.155"}}, {"model": "blog.blog", "pk": 27, "fields": {"title": "for 19", "blog_type": 1, "content": "xxxxx:19", "author": 1, "created_time": "2020-12-08T07:37:16.229", "last_updated_time": "2020-12-08T07:37:16.229"}}, {"model": "blog.blog", "pk": 28, "fields": {"title": "for 20", "blog_type": 1, "content": "xxxxx:20", "author": 1, "created_time": "2020-12-08T07:37:16.303", "last_updated_time": "2020-12-08T07:37:16.303"}}, {"model": "blog.blog", "pk": 29, "fields": {"title": "for 21", "blog_type": 1, "content": "xxxxx:21", "author": 1, "created_time": "2020-12-08T07:37:16.399", "last_updated_time": "2020-12-08T07:37:16.399"}}, {"model": "blog.blog", "pk": 30, "fields": {"title": "for 22", "blog_type": 1, "content": "xxxxx:22", "author": 1, "created_time": "2020-12-08T07:37:16.484", "last_updated_time": "2020-12-08T07:37:16.484"}}, {"model": "blog.blog", "pk": 31, "fields": {"title": "for 23", "blog_type": 1, "content": "xxxxx:23", "author": 1, "created_time": "2020-12-08T07:37:16.554", "last_updated_time": "2020-12-08T07:37:16.554"}}, {"model": "blog.blog", "pk": 32, "fields": {"title": "for 24", "blog_type": 1, "content": "xxxxx:24", "author": 1, "created_time": "2020-12-08T07:37:16.633", "last_updated_time": "2020-12-08T07:37:16.633"}}, {"model": "blog.blog", "pk": 33, "fields": {"title": "for 25", "blog_type": 1, "content": "xxxxx:25", "author": 1, "created_time": "2020-12-08T07:37:16.726", "last_updated_time": "2020-12-08T07:37:16.726"}}, {"model": "blog.blog", "pk": 34, "fields": {"title": "for 26", "blog_type": 1, "content": "xxxxx:26", "author": 1, "created_time": "2020-12-08T07:37:16.804", "last_updated_time": "2020-12-08T07:37:16.804"}}, {"model": "blog.blog", "pk": 35, "fields": {"title": "for 27", "blog_type": 1, "content": "xxxxx:27", "author": 1, "created_time": "2020-12-08T07:37:16.878", "last_updated_time": "2020-12-19T16:43:17.071"}}, {"model": "blog.blog", "pk": 36, "fields": {"title": "for 28", "blog_type": 1, "content": "<p>xxxxx:28&nbsp; &nbsp; \u4fee\u6539\u4e8e 12/26</p>", "author": 1, "created_time": "2020-12-08T07:37:16.951", "last_updated_time": "2020-12-25T18:45:34.117"}}, {"model": "comment.comment", "pk": 1, "fields": {"content_type": 7, "object_id": 7, "text": "test_1", "comment_time": "2021-01-03T14:26:09.965", "user": 1, "root": null, "parent": null, "reply_to": null}}, {"model": "comment.comment", "pk": 2, "fields": {"content_type": 7, "object_id": 7, "text": "\u770b\u4e00\u4e0b\u65f6\u95f4\u5bf9\u4e0d\u5bf9", "comment_time": "2021-01-03T14:26:45.016", "user": 1, "root": null, "parent": null, "reply_to": null}}, {"model": "comment.comment", "pk": 3, "fields": {"content_type": 7, "object_id": 4, "text": "\u6765\u81ea\u7814\u7a76\u6240\u7684\u8bc4\u8bba", "comment_time": "2021-01-03T15:52:28.981", "user": 2, "root": null, "parent": null, "reply_to": null}}, {"model": "comment.comment", "pk": 4, "fields": {"content_type": 7, "object_id": 4, "text": "\u6765\u81easuper user\u7684\u8bc4\u8bba", "comment_time": "2021-01-03T15:53:52.294", "user": 1, "root": null, "parent": null, "reply_to": null}}, {"model": "comment.comment", "pk": 5, "fields": {"content_type": 7, "object_id": 36, "text": "\u7814\u7a76\u6240\u7684\u95ee\u5019", "comment_time": "2021-01-03T16:03:43.985", "user": 2, "root": null, "parent": null, "reply_to": null}}, {"model": "comment.comment", "pk": 6, "fields": {"content_type": 7, "object_id": 4, "text": "\u8fd9\u662f\u4e3a\u4e86\u6f14\u793a\u5199\u4e0b\u7684\u8bc4\u8bba", "comment_time": "2021-01-03T16:57:32.627", "user": 1, "root": null, "parent": null, "reply_to": null}}, {"model": "comment.comment", "pk": 7, "fields": {"content_type": 7, "object_id": 4, "text": "\u8fd9\u662f\u89c6\u9891\u6f14\u793a\u65f6\u6dfb\u52a0\u7684\u8bc4\u8bba\uff0cxxxxxx", "comment_time": "2021-01-03T17:19:55.563", "user": 1, "root": null, "parent": null, "reply_to": null}}, {"model": "comment.comment", "pk": 8, "fields": {"content_type": 7, "object_id": 4, "text": "<p><img alt=\"wink\" height=\"23\" src=\"http://127.0.0.1:8000/static/ckeditor/ckeditor/plugins/smiley/images/wink_smile.png\" title=\"wink\" width=\"23\" /></p>", "comment_time": "2021-01-09T11:24:56.242", "user": 1, "root": null, "parent": null, "reply_to": null}}, {"model": "comment.comment", "pk": 9, "fields": {"content_type": 7, "object_id": 4, "text": "<p><img alt=\"wink\" height=\"23\" src=\"http://127.0.0.1:8000/static/ckeditor/ckeditor/plugins/smiley/images/wink_smile.png\" title=\"wink\" width=\"23\" /></p>", "comment_time": "2021-01-09T11:25:18.329", "user": 1, "root": null, "parent": null, "reply_to": null}}, {"model": "comment.comment", "pk": 10, "fields": {"content_type": 7, "object_id": 3, "text": "<p><strong><em><img alt=\"heart\" height=\"23\" src=\"http://127.0.0.1:8000/static/ckeditor/ckeditor/plugins/smiley/images/heart.png\" title=\"heart\" width=\"23\" />\u5c1d\u8bd5\u4e00\u4e0b</em></strong></p>", "comment_time": "2021-01-09T11:57:28.224", "user": 1, "root": null, "parent": null, "reply_to": null}}, {"model": "comment.comment", "pk": 11, "fields": {"content_type": 7, "object_id": 3, "text": "<p><em>gdgddgxb<img alt=\"kiss\" height=\"23\" src=\"http://127.0.0.1:8000/static/ckeditor/ckeditor/plugins/smiley/images/kiss.png\" title=\"kiss\" width=\"23\" /></em></p>", "comment_time": "2021-01-10T10:08:53.354", "user": 1, "root": null, "parent": null, "reply_to": null}}, {"model": "comment.comment", "pk": 12, "fields": {"content_type": 7, "object_id": 3, "text": "<p><em><strong>\u5bcc\u6587\u672c\u7f16\u8f91</strong></em></p>", "comment_time": "2021-01-10T10:36:05.031", "user": 1, "root": null, "parent": null, "reply_to": null}}, {"model": "comment.comment", "pk": 13, "fields": {"content_type": 7, "object_id": 3, "text": "<p><img alt=\"angel\" height=\"23\" src=\"http://127.0.0.1:8000/static/ckeditor/ckeditor/plugins/smiley/images/angel_smile.png\" title=\"angel\" width=\"23\" /><img alt=\"yes\" height=\"23\" src=\"http://127.0.0.1:8000/static/ckeditor/ckeditor/plugins/smiley/images/thumbs_up.png\" title=\"yes\" width=\"23\" /></p>", "comment_time": "2021-01-10T10:36:19.871", "user": 1, "root": null, "parent": null, "reply_to": null}}, {"model": "comment.comment", "pk": 14, "fields": {"content_type": 7, "object_id": 3, "text": "<p><img alt=\"sad\" height=\"23\" src=\"http://127.0.0.1:8000/static/ckeditor/ckeditor/plugins/smiley/images/sad_smile.png\" title=\"sad\" width=\"23\" /><img alt=\"heart\" height=\"23\" src=\"http://127.0.0.1:8000/static/ckeditor/ckeditor/plugins/smiley/images/heart.png\" title=\"heart\" width=\"23\" /></p>", "comment_time": "2021-01-10T10:47:24.610", "user": 1, "root": null, "parent": null, "reply_to": null}}, {"model": "comment.comment", "pk": 15, "fields": {"content_type": 7, "object_id": 3, "text": "<p><em><strong>guvhbib</strong></em></p>", "comment_time": "2021-01-10T10:47:34.033", "user": 1, "root": null, "parent": null, "reply_to": null}}, {"model": "comment.comment", "pk": 16, "fields": {"content_type": 7, "object_id": 3, "text": "<p>446846</p>", "comment_time": "2021-01-10T10:49:56.598", "user": 1, "root": null, "parent": null, "reply_to": null}}, {"model": "comment.comment", "pk": 17, "fields": {"content_type": 7, "object_id": 3, "text": "<p><img alt=\"wink\" height=\"23\" src=\"http://127.0.0.1:8000/static/ckeditor/ckeditor/plugins/smiley/images/wink_smile.png\" title=\"wink\" width=\"23\" />ytfvy</p>", "comment_time": "2021-01-10T11:01:48.388", "user": 2, "root": null, "parent": null, "reply_to": null}}, {"model": "comment.comment", "pk": 18, "fields": {"content_type": 7, "object_id": 3, "text": "<p>\u53ef\u4ee5\u5417\uff1f</p>", "comment_time": "2021-01-10T11:17:25.905", "user": 1, "root": null, "parent": null, "reply_to": null}}, {"model": "comment.comment", "pk": 19, "fields": {"content_type": 7, "object_id": 36, "text": "<p>\u5389\u5bb3\u4e86</p>", "comment_time": "2021-01-17T00:49:46.267", "user": 1, "root": null, "parent": null, "reply_to": null}}, {"model": "comment.comment", "pk": 20, "fields": {"content_type": 7, "object_id": 36, "text": "<p>\u4f60\u597d</p>", "comment_time": "2021-01-17T00:49:56.647", "user": 1, "root": null, "parent": null, "reply_to": null}}, {"model": "comment.comment", "pk": 21, "fields": {"content_type": 7, "object_id": 36, "text": "<p>\u55e8</p>", "comment_time": "2021-01-17T00:50:37.450", "user": 1, "root": null, "parent": null, "reply_to": null}}, {"model": "comment.comment", "pk": 22, "fields": {"content_type": 7, "object_id": 36, "text": "<p>\u5f7c\u6b64\u5f7c\u6b64</p>", "comment_time": "2021-01-17T00:55:24.642", "user": 1, "root": 19, "parent": 19, "reply_to": 1}}, {"model": "comment.comment", "pk": 23, "fields": {"content_type": 7, "object_id": 36, "text": "<p>\u592a\u5ba2\u6c14\u4e86</p>", "comment_time": "2021-01-17T00:55:34.349", "user": 1, "root": 19, "parent": 22, "reply_to": 1}}, {"model": "comment.comment", "pk": 24, "fields": {"content_type": 7, "object_id": 36, "text": "<p>6666</p>", "comment_time": "2021-01-17T01:02:52.126", "user": 1, "root": 5, "parent": 5, "reply_to": 2}}, {"model": "comment.comment", "pk": 25, "fields": {"content_type": 7, "object_id": 36, "text": "<p>\u8fd8\u884c\u5427</p>", "comment_time": "2021-01-17T01:33:27.847", "user": 1, "root": 19, "parent": 19, "reply_to": 1}}, {"model": "comment.comment", "pk": 26, "fields": {"content_type": 7, "object_id": 36, "text": "<p>\u4f60\u4e5f\u597d\u5440</p>", "comment_time": "2021-01-17T01:39:48.845", "user": 2, "root": 20, "parent": 20, "reply_to": 1}}, {"model": "comment.comment", "pk": 27, "fields": {"content_type": 7, "object_id": 36, "text": "<p>\u8fd8\u53ef\u4ee5\u5427</p>", "comment_time": "2021-01-17T01:40:22.413", "user": 2, "root": 19, "parent": 19, "reply_to": 1}}, {"model": "comment.comment", "pk": 28, "fields": {"content_type": 7, "object_id": 36, "text": "<p>weqw1</p>", "comment_time": "2021-01-17T01:55:03.490", "user": 1, "root": 20, "parent": 20, "reply_to": 1}}, {"model": "comment.comment", "pk": 29, "fields": {"content_type": 7, "object_id": 36, "text": "<p>\u4f60\u597d</p>", "comment_time": "2021-01-17T02:16:53.720", "user": 1, "root": 5, "parent": 5, "reply_to": 2}}, {"model": "comment.comment", "pk": 30, "fields": {"content_type": 7, "object_id": 36, "text": "<p>\u4e5f\u5c31\u8fd8\u884c</p>", "comment_time": "2021-01-17T02:22:25.769", "user": 1, "root": 19, "parent": 22, "reply_to": 1}}, {"model": "comment.comment", "pk": 31, "fields": {"content_type": 7, "object_id": 36, "text": "<p>675675</p>", "comment_time": "2021-01-17T02:36:05.669", "user": 1, "root": 20, "parent": 20, "reply_to": 1}}, {"model": "comment.comment", "pk": 32, "fields": {"content_type": 7, "object_id": 7, "text": "<p>\u8fd8\u4e0d\u9519</p>", "comment_time": "2021-01-24T00:37:56.437", "user": 1, "root": null, "parent": null, "reply_to": null}}, {"model": "comment.comment", "pk": 33, "fields": {"content_type": 7, "object_id": 7, "text": "<p>\u662f\u5427\u662f\u5427</p>", "comment_time": "2021-01-24T00:38:23.011", "user": 1, "root": 32, "parent": 32, "reply_to": 1}}, {"model": "comment.comment", "pk": 34, "fields": {"content_type": 7, "object_id": 7, "text": "<p>\u65f6\u95f4\u4e0d\u5bf9\u5662</p>", "comment_time": "2021-01-24T00:40:37.768", "user": 1, "root": null, "parent": null, "reply_to": null}}, {"model": "comment.comment", "pk": 35, "fields": {"content_type": 7, "object_id": 7, "text": "<p>\u4f60\u597d\u5440</p>", "comment_time": "2021-01-23T16:44:03.415", "user": 1, "root": null, "parent": null, "reply_to": null}}, {"model": "comment.comment", "pk": 36, "fields": {"content_type": 7, "object_id": 7, "text": "<p>\u4f60\u597d\u5440</p>", "comment_time": "2021-01-24T00:44:30.646", "user": 1, "root": null, "parent": null, "reply_to": null}}, {"model": "comment.comment", "pk": 37, "fields": {"content_type": 7, "object_id": 34, "text": "<p>6666&nbsp; \u5389\u5bb3</p>", "comment_time": "2021-01-24T00:46:37.155", "user": 1, "root": null, "parent": null, "reply_to": null}}, {"model": "comment.comment", "pk": 38, "fields": {"content_type": 7, "object_id": 34, "text": "<p>\u82f1\u96c4\u6240\u89c1\u7565\u540c&nbsp;</p>", "comment_time": "2021-01-24T00:49:47.487", "user": 1, "root": 37, "parent": 37, "reply_to": 1}}, {"model": "comment.comment", "pk": 39, "fields": {"content_type": 7, "object_id": 7, "text": "<p>\u60fa\u60fa\u60dc\u60fa</p>", "comment_time": "2021-01-24T00:52:26.428", "user": 1, "root": null, "parent": null, "reply_to": null}}, {"model": "comment.comment", "pk": 40, "fields": {"content_type": 7, "object_id": 34, "text": "<p>\u8fd8\u53ef\u4ee5</p>", "comment_time": "2021-01-24T00:57:21.626", "user": 1, "root": null, "parent": null, "reply_to": null}}, {"model": "comment.comment", "pk": 41, "fields": {"content_type": 7, "object_id": 34, "text": "<p>\u4f11\u606f\u4f11\u606f\u4e0b\u4e0b</p>", "comment_time": "2021-01-24T00:58:12.816", "user": 1, "root": 40, "parent": 40, "reply_to": 1}}, {"model": "comment.comment", "pk": 42, "fields": {"content_type": 7, "object_id": 34, "text": "<p>666666\u8c22\u8c22\u8c22\u8c22</p>", "comment_time": "2021-01-24T01:00:02.572", "user": 1, "root": null, "parent": null, "reply_to": null}}, {"model": "comment.comment", "pk": 44, "fields": {"content_type": 7, "object_id": 34, "text": "<p>\u8fd8\u662f\u4e0d\u884c</p>", "comment_time": "2021-01-24T01:02:13.404", "user": 1, "root": null, "parent": null, "reply_to": null}}, {"model": "comment.comment", "pk": 45, "fields": {"content_type": 7, "object_id": 34, "text": "<p>21651652</p>", "comment_time": "2021-01-24T01:06:14.389", "user": 1, "root": null, "parent": null, "reply_to": null}}, {"model": "comment.comment", "pk": 46, "fields": {"content_type": 7, "object_id": 34, "text": "<p>\u53ef\u4ee5\u5417</p>", "comment_time": "2021-01-24T01:09:39.502", "user": 1, "root": null, "parent": null, "reply_to": null}}, {"model": "comment.comment", "pk": 47, "fields": {"content_type": 7, "object_id": 34, "text": "<p>\u4e0d\u53ef\u4ee5\u5417</p>", "comment_time": "2021-01-24T01:09:50.670", "user": 1, "root": null, "parent": null, "reply_to": null}}, {"model": "comment.comment", "pk": 49, "fields": {"content_type": 7, "object_id": 34, "text": "<p>\u4e00\u822c\u822c</p>", "comment_time": "2021-01-24T01:11:45.241", "user": 1, "root": null, "parent": null, "reply_to": null}}, {"model": "comment.comment", "pk": 50, "fields": {"content_type": 7, "object_id": 7, "text": "<p>\u8fd8\u4e0d\u9519</p>", "comment_time": "2021-01-24T09:41:19.059", "user": 1, "root": null, "parent": null, "reply_to": null}}, {"model": "comment.comment", "pk": 51, "fields": {"content_type": 7, "object_id": 7, "text": "<p>\u8fd9\u6b21\u600e\u4e48\u6837\u5462</p>", "comment_time": "2021-01-24T09:49:57.711", "user": 1, "root": null, "parent": null, "reply_to": null}}, {"model": "comment.comment", "pk": 52, "fields": {"content_type": 7, "object_id": 7, "text": "<p>\u8c22\u8c22\u8c22\u8c22\u76f8\u4fe1</p>", "comment_time": "2021-01-24T09:50:58.715", "user": 1, "root": null, "parent": null, "reply_to": null}}, {"model": "comment.comment", "pk": 53, "fields": {"content_type": 7, "object_id": 7, "text": "<p>\u600e\u4e48\u4e86</p>", "comment_time": "2021-01-24T09:51:18.036", "user": 1, "root": null, "parent": null, "reply_to": null}}, {"model": "comment.comment", "pk": 54, "fields": {"content_type": 7, "object_id": 7, "text": "<p>\u51fa\u73b0\u4e86\u4e00\u4e9b\u95ee\u9898</p>", "comment_time": "2021-01-24T09:52:50.917", "user": 1, "root": 53, "parent": 53, "reply_to": 1}}, {"model": "comment.comment", "pk": 55, "fields": {"content_type": 7, "object_id": 7, "text": "<p>\u6d4b\u8bd5\u4e00\u4e0b\u5457</p>", "comment_time": "2021-01-24T10:09:34.272", "user": 1, "root": null, "parent": null, "reply_to": null}}, {"model": "comment.comment", "pk": 56, "fields": {"content_type": 7, "object_id": 7, "text": "<p>\u6ca1\u95ee\u9898</p>", "comment_time": "2021-01-24T11:13:03.979", "user": 1, "root": 55, "parent": 55, "reply_to": 1}}, {"model": "comment.comment", "pk": 57, "fields": {"content_type": 7, "object_id": 7, "text": "<p>\u8fd8\u4e0d\u9519</p>", "comment_time": "2021-01-24T11:13:15.988", "user": 1, "root": null, "parent": null, "reply_to": null}}, {"model": "comment.comment", "pk": 58, "fields": {"content_type": 7, "object_id": 34, "text": "<p>\u6211\u627e\u9a6c\u51ac\u6885</p>", "comment_time": "2021-01-24T11:13:51.191", "user": 1, "root": null, "parent": null, "reply_to": null}}, {"model": "comment.comment", "pk": 59, "fields": {"content_type": 7, "object_id": 34, "text": "<p>\u9a6c\u51ac\u4ec0\u4e48\uff1f</p>", "comment_time": "2021-01-24T11:14:05.486", "user": 1, "root": 58, "parent": 58, "reply_to": 1}}, {"model": "comment.comment", "pk": 60, "fields": {"content_type": 7, "object_id": 34, "text": "<p>\u4ec0\u4e48\u6885\u554a\uff1f</p>", "comment_time": "2021-01-24T11:14:13.717", "user": 1, "root": 58, "parent": 59, "reply_to": 1}}, {"model": "comment.comment", "pk": 61, "fields": {"content_type": 7, "object_id": 34, "text": "<p>\u9a6c\u51ac\u6885</p>", "comment_time": "2021-01-24T11:14:22.237", "user": 1, "root": 58, "parent": 60, "reply_to": 1}}, {"model": "comment.comment", "pk": 64, "fields": {"content_type": 7, "object_id": 34, "text": "<p>\u53ef\u4ee5</p>", "comment_time": "2021-01-24T12:12:40.125", "user": 1, "root": null, "parent": null, "reply_to": null}}, {"model": "comment.comment", "pk": 65, "fields": {"content_type": 7, "object_id": 34, "text": "<p>user</p>", "comment_time": "2021-01-24T13:51:55.947", "user": 1, "root": null, "parent": null, "reply_to": null}}, {"model": "comment.comment", "pk": 66, "fields": {"content_type": 7, "object_id": 34, "text": "<p>\u6211\u53c8\u6765\u4e86</p>", "comment_time": "2021-01-30T20:40:29.089", "user": 1, "root": null, "parent": null, "reply_to": null}}, {"model": "comment.comment", "pk": 67, "fields": {"content_type": 7, "object_id": 34, "text": "<p>\u771f\u4e0d\u9519</p>", "comment_time": "2021-01-30T20:40:38.729", "user": 1, "root": 66, "parent": 66, "reply_to": 1}}, {"model": "comment.comment", "pk": 68, "fields": {"content_type": 7, "object_id": 36, "text": "<p>\u5199\u8bc4\u8bba</p>", "comment_time": "2021-01-31T11:34:26.984", "user": 1, "root": null, "parent": null, "reply_to": null}}, {"model": "comment.comment", "pk": 69, "fields": {"content_type": 7, "object_id": 36, "text": "<p>\u770b\u770b\u90ae\u7bb1\u6d4b\u8bd5</p>", "comment_time": "2021-02-14T00:12:56.021", "user": 1, "root": null, "parent": null, "reply_to": null}}, {"model": "comment.comment", "pk": 70, "fields": {"content_type": 7, "object_id": 36, "text": "<p>\u53ef\u4ee5\uff0c\u6210\u529f\u4e86\u3002</p>", "comment_time": "2021-02-14T00:16:19.042", "user": 1, "root": 69, "parent": 69, "reply_to": 1}}, {"model": "comment.comment", "pk": 71, "fields": {"content_type": 7, "object_id": 36, "text": "<p>\u6210\u529f\u4e86\u5417</p>", "comment_time": "2021-02-14T17:47:03.242", "user": 2, "root": 69, "parent": 70, "reply_to": 1}}, {"model": "comment.comment", "pk": 72, "fields": {"content_type": 7, "object_id": 33, "text": "<p>\u771f\u597d</p>", "comment_time": "2021-02-14T17:50:38.812", "user": 2, "root": null, "parent": null, "reply_to": null}}, {"model": "comment.comment", "pk": 73, "fields": {"content_type": 7, "object_id": 33, "text": "<p>\u6211\u89c9\u5f97\u4e0d\u9519</p>", "comment_time": "2021-02-14T17:51:05.898", "user": 2, "root": 72, "parent": 72, "reply_to": 2}}, {"model": "comment.comment", "pk": 74, "fields": {"content_type": 7, "object_id": 33, "text": "<p>\u770b\u4e00\u4e0b\u90ae\u7bb1\u529f\u80fd</p>", "comment_time": "2021-02-14T18:24:48.564", "user": 1, "root": null, "parent": null, "reply_to": null}}, {"model": "comment.comment", "pk": 75, "fields": {"content_type": 7, "object_id": 33, "text": "<p>\u662f\u633a\u597d\u7684</p>", "comment_time": "2021-02-14T18:25:46.995", "user": 1, "root": 72, "parent": 72, "reply_to": 2}}, {"model": "likes.likerecord", "pk": 16, "fields": {"content_type": 7, "object_id": 7, "user": 1, "liked_time": "2021-01-24T11:12:57.841"}}, {"model": "likes.likerecord", "pk": 18, "fields": {"content_type": 12, "object_id": 62, "user": 1, "liked_time": "2021-01-24T11:18:13.930"}}, {"model": "likes.likerecord", "pk": 24, "fields": {"content_type": 7, "object_id": 34, "user": 2, "liked_time": "2021-01-24T13:39:57.922"}}, {"model": "likes.likerecord", "pk": 26, "fields": {"content_type": 12, "object_id": 42, "user": 1, "liked_time": "2021-01-24T14:01:14.904"}}, {"model": "likes.likerecord", "pk": 30, "fields": {"content_type": 12, "object_id": 66, "user": 1, "liked_time": "2021-01-30T20:40:48.865"}}, {"model": "likes.likerecord", "pk": 32, "fields": {"content_type": 7, "object_id": 34, "user": 1, "liked_time": "2021-01-31T10:38:26.437"}}, {"model": "likes.likerecord", "pk": 34, "fields": {"content_type": 12, "object_id": 68, "user": 1, "liked_time": "2021-01-31T11:34:28.878"}}, {"model": "likes.likerecord", "pk": 35, "fields": {"content_type": 7, "object_id": 36, "user": 1, "liked_time": "2021-01-31T11:46:21.028"}}, {"model": "user.profile", "pk": 1, "fields": {"user": 1, "nickname": "Mars"}}, {"model": "user.profile", "pk": 2, "fields": {"user": 2, "nickname": "\u5c0f\u6ed1\u7a3d"}}, {"model": "admin.logentry", "pk": 1, "fields": {"action_time": "2020-11-26T15:27:36.803", "user": 1, "content_type": 8, "object_id": "1", "object_repr": "BlogType object (1)", "action_flag": 1, "change_message": "[{\"added\": {}}]"}}, {"model": "admin.logentry", "pk": 2, "fields": {"action_time": "2020-11-26T15:27:45.901", "user": 1, "content_type": 8, "object_id": "2", "object_repr": "BlogType object (2)", "action_flag": 1, "change_message": "[{\"added\": {}}]"}}, {"model": "admin.logentry", "pk": 3, "fields": {"action_time": "2020-11-26T15:27:50.826", "user": 1, "content_type": 8, "object_id": "3", "object_repr": "BlogType object (3)", "action_flag": 1, "change_message": "[{\"added\": {}}]"}}, {"model": "admin.logentry", "pk": 4, "fields": {"action_time": "2020-11-26T15:30:13.654", "user": 1, "content_type": 7, "object_id": "1", "object_repr": "<Blog: \u7b2c\u4e00\u7bc7\u535a\u5ba2>", "action_flag": 1, "change_message": "[{\"added\": {}}]"}}, {"model": "admin.logentry", "pk": 5, "fields": {"action_time": "2020-11-26T16:07:45.079", "user": 1, "content_type": 7, "object_id": "2", "object_repr": "<Blog: \u7b2c\u4e8c\u7bc7\u535a\u5ba2>", "action_flag": 1, "change_message": "[{\"added\": {}}]"}}, {"model": "admin.logentry", "pk": 6, "fields": {"action_time": "2020-11-26T16:11:50.755", "user": 1, "content_type": 7, "object_id": "2", "object_repr": "<Blog: \u7b2c\u4e8c\u7bc7\u535a\u5ba2>", "action_flag": 3, "change_message": ""}}, {"model": "admin.logentry", "pk": 7, "fields": {"action_time": "2020-11-26T16:11:50.956", "user": 1, "content_type": 7, "object_id": "1", "object_repr": "<Blog: \u7b2c\u4e00\u7bc7\u535a\u5ba2>", "action_flag": 3, "change_message": ""}}, {"model": "admin.logentry", "pk": 8, "fields": {"action_time": "2020-11-26T16:12:33.716", "user": 1, "content_type": 7, "object_id": "3", "object_repr": "<Blog: \u957f\u5185\u5bb9\u7684\u535a\u5ba2>", "action_flag": 1, "change_message": "[{\"added\": {}}]"}}, {"model": "admin.logentry", "pk": 9, "fields": {"action_time": "2020-11-26T16:14:13.602", "user": 1, "content_type": 7, "object_id": "3", "object_repr": "<Blog: \u957f\u5185\u5bb9\u7684\u535a\u5ba2>", "action_flag": 2, "change_message": "[{\"changed\": {\"fields\": [\"content\"]}}]"}}, {"model": "admin.logentry", "pk": 10, "fields": {"action_time": "2020-11-26T16:35:06.931", "user": 1, "content_type": 7, "object_id": "4", "object_repr": "<Blog: \u7b2c\u4e8c\u7bc7\u535a\u5ba2>", "action_flag": 1, "change_message": "[{\"added\": {}}]"}}, {"model": "admin.logentry", "pk": 11, "fields": {"action_time": "2020-11-26T16:35:50.564", "user": 1, "content_type": 7, "object_id": "5", "object_repr": "<Blog: django>", "action_flag": 1, "change_message": "[{\"added\": {}}]"}}, {"model": "admin.logentry", "pk": 12, "fields": {"action_time": "2020-12-05T15:31:49.056", "user": 1, "content_type": 7, "object_id": "6", "object_repr": "<Blog: \u5149\u602a\u9646\u79bb>", "action_flag": 1, "change_message": "[{\"added\": {}}]"}}, {"model": "admin.logentry", "pk": 13, "fields": {"action_time": "2020-12-12T07:14:15.943", "user": 1, "content_type": 7, "object_id": "37", "object_repr": "<Blog: for 29>", "action_flag": 3, "change_message": ""}}, {"model": "admin.logentry", "pk": 14, "fields": {"action_time": "2020-12-19T12:15:34.199", "user": 1, "content_type": 7, "object_id": "3", "object_repr": "<Blog: \u957f\u5185\u5bb9\u7684\u535a\u5ba2>", "action_flag": 2, "change_message": "[{\"changed\": {\"fields\": [\"content\"]}}]"}}, {"model": "admin.logentry", "pk": 15, "fields": {"action_time": "2020-12-19T12:18:39.858", "user": 1, "content_type": 7, "object_id": "3", "object_repr": "<Blog: \u957f\u5185\u5bb9\u7684\u535a\u5ba2>", "action_flag": 2, "change_message": "[{\"changed\": {\"fields\": [\"content\"]}}]"}}, {"model": "admin.logentry", "pk": 16, "fields": {"action_time": "2020-12-19T12:33:20.106", "user": 1, "content_type": 7, "object_id": "3", "object_repr": "<Blog: \u957f\u5185\u5bb9\u7684\u535a\u5ba2>", "action_flag": 2, "change_message": "[{\"changed\": {\"fields\": [\"content\"]}}]"}}, {"model": "admin.logentry", "pk": 17, "fields": {"action_time": "2020-12-19T12:55:05.124", "user": 1, "content_type": 7, "object_id": "3", "object_repr": "<Blog: \u957f\u5185\u5bb9\u7684\u535a\u5ba2>", "action_flag": 2, "change_message": "[{\"changed\": {\"fields\": [\"content\"]}}]"}}, {"model": "admin.logentry", "pk": 18, "fields": {"action_time": "2020-12-19T12:57:02.300", "user": 1, "content_type": 7, "object_id": "3", "object_repr": "<Blog: \u957f\u5185\u5bb9\u7684\u535a\u5ba2>", "action_flag": 2, "change_message": "[{\"changed\": {\"fields\": [\"content\"]}}]"}}, {"model": "admin.logentry", "pk": 19, "fields": {"action_time": "2020-12-19T12:57:06.286", "user": 1, "content_type": 7, "object_id": "3", "object_repr": "<Blog: \u957f\u5185\u5bb9\u7684\u535a\u5ba2>", "action_flag": 2, "change_message": "[{\"changed\": {\"fields\": [\"content\"]}}]"}}, {"model": "admin.logentry", "pk": 20, "fields": {"action_time": "2020-12-19T12:58:39.326", "user": 1, "content_type": 7, "object_id": "3", "object_repr": "<Blog: \u957f\u5185\u5bb9\u7684\u535a\u5ba2>", "action_flag": 2, "change_message": "[{\"changed\": {\"fields\": [\"content\"]}}]"}}, {"model": "admin.logentry", "pk": 21, "fields": {"action_time": "2020-12-19T12:59:23.866", "user": 1, "content_type": 7, "object_id": "3", "object_repr": "<Blog: \u957f\u5185\u5bb9\u7684\u535a\u5ba2>", "action_flag": 2, "change_message": "[{\"changed\": {\"fields\": [\"content\"]}}]"}}, {"model": "admin.logentry", "pk": 22, "fields": {"action_time": "2020-12-19T16:52:12.707", "user": 1, "content_type": 9, "object_id": "1", "object_repr": "ReadNum object (1)", "action_flag": 1, "change_message": "[{\"added\": {}}]"}}, {"model": "admin.logentry", "pk": 23, "fields": {"action_time": "2020-12-19T17:39:12.533", "user": 1, "content_type": 10, "object_id": "1", "object_repr": "ReadNum object (1)", "action_flag": 1, "change_message": "[{\"added\": {}}]"}}, {"model": "admin.logentry", "pk": 24, "fields": {"action_time": "2020-12-19T18:58:15.744", "user": 1, "content_type": 7, "object_id": "3", "object_repr": "<Blog: \u957f\u5185\u5bb9\u7684\u535a\u5ba2>", "action_flag": 2, "change_message": "[{\"changed\": {\"fields\": [\"content\"]}}]"}}, {"model": "admin.logentry", "pk": 25, "fields": {"action_time": "2020-12-20T04:32:17.280", "user": 1, "content_type": 7, "object_id": "3", "object_repr": "<Blog: \u957f\u5185\u5bb9\u7684\u535a\u5ba2>", "action_flag": 2, "change_message": "[{\"changed\": {\"fields\": [\"content\"]}}]"}}, {"model": "admin.logentry", "pk": 26, "fields": {"action_time": "2020-12-22T09:38:33.935", "user": 1, "content_type": 11, "object_id": "1", "object_repr": "ReadDetail object (1)", "action_flag": 1, "change_message": "[{\"added\": {}}]"}}, {"model": "admin.logentry", "pk": 27, "fields": {"action_time": "2020-12-22T10:01:55.854", "user": 1, "content_type": 11, "object_id": "1", "object_repr": "ReadDetail object (1)", "action_flag": 3, "change_message": ""}}, {"model": "admin.logentry", "pk": 28, "fields": {"action_time": "2020-12-25T18:45:34.119", "user": 1, "content_type": 7, "object_id": "36", "object_repr": "<Blog: for 28>", "action_flag": 2, "change_message": "[{\"changed\": {\"fields\": [\"content\"]}}]"}}, {"model": "admin.logentry", "pk": 29, "fields": {"action_time": "2021-01-24T00:34:03.953", "user": 1, "content_type": 12, "object_id": "32", "object_repr": "<p>\u6211\u662f\u9488\u5bf9\u6587\u7ae0\u7684\u8bc4\u8bba</p>", "action_flag": 3, "change_message": ""}}, {"model": "admin.logentry", "pk": 30, "fields": {"action_time": "2021-01-24T11:15:47.708", "user": 1, "content_type": 12, "object_id": "48", "object_repr": "<p>\u8fd8\u884c\u5427</p>", "action_flag": 3, "change_message": ""}}, {"model": "admin.logentry", "pk": 31, "fields": {"action_time": "2021-01-24T14:00:06.275", "user": 1, "content_type": 12, "object_id": "62", "object_repr": "<p>\u52a0\u6cb9\u52a0\u6cb9</p>", "action_flag": 3, "change_message": ""}}, {"model": "admin.logentry", "pk": 32, "fields": {"action_time": "2021-01-24T14:01:10.210", "user": 1, "content_type": 12, "object_id": "43", "object_repr": "<p>\u770b\u770b\u65f6\u95f4</p>", "action_flag": 3, "change_message": ""}}, {"model": "admin.logentry", "pk": 33, "fields": {"action_time": "2021-02-07T08:33:19.157", "user": 1, "content_type": 15, "object_id": "1", "object_repr": "<Profile: MARS for caq>", "action_flag": 1, "change_message": "[{\"added\": {}}]"}}, {"model": "admin.logentry", "pk": 34, "fields": {"action_time": "2021-02-07T09:04:06.455", "user": 1, "content_type": 4, "object_id": "2", "object_repr": "\u6ed1\u7a3d\u7814\u7a76\u6240", "action_flag": 2, "change_message": "[{\"changed\": {\"fields\": [\"email\", \"last_login\"]}}]"}}, {"model": "admin.logentry", "pk": 35, "fields": {"action_time": "2021-02-07T09:10:22.982", "user": 1, "content_type": 4, "object_id": "1", "object_repr": "caq", "action_flag": 2, "change_message": "[{\"changed\": {\"fields\": [\"email\", \"last_login\"]}}]"}}]